[{"model": "admin.logentry", "pk": 1, "fields": {"action_time": "2025-04-29T20:04:46.734Z", "user": 2, "content_type": 11, "object_id": "1", "object_repr": "1", "action_flag": 1, "change_message": "[{\"added\": {}}]"}}, {"model": "admin.logentry", "pk": 2, "fields": {"action_time": "2025-04-29T20:04:58.008Z", "user": 2, "content_type": 10, "object_id": "1", "object_repr": "1 — Урок 1: \"Здравствуйте! Меня зовут...\"", "action_flag": 1, "change_message": "[{\"added\": {}}]"}}, {"model": "admin.logentry", "pk": 3, "fields": {"action_time": "2025-04-29T20:06:28.068Z", "user": 2, "content_type": 8, "object_id": "1", "object_repr": "Урок 1: \"Здравствуйте! Меня зовут...\"", "action_flag": 1, "change_message": "[{\"added\": {}}]"}}, {"model": "admin.logentry", "pk": 4, "fields": {"action_time": "2025-04-29T20:28:16.575Z", "user": 2, "content_type": 8, "object_id": "1", "object_repr": "Урок 1: \"Здравствуйте! Меня зовут...\"", "action_flag": 2, "change_message": "[{\"changed\": {\"fields\": [\"\\u0412\\u0438\\u0434\\u0435\\u043e\"]}}]"}}, {"model": "admin.logentry", "pk": 5, "fields": {"action_time": "2025-04-29T20:29:55.920Z", "user": 2, "content_type": 8, "object_id": "1", "object_repr": "Урок 1: \"Здравствуйте! Меня зовут...\"", "action_flag": 2, "change_message": "[{\"changed\": {\"fields\": [\"\\u0412\\u0438\\u0434\\u0435\\u043e\"]}}]"}}, {"model": "admin.logentry", "pk": 6, "fields": {"action_time": "2025-04-29T20:46:15.896Z", "user": 2, "content_type": 8, "object_id": "1", "object_repr": "Урок 1: \"Здравствуйте! Меня зовут...\"", "action_flag": 2, "change_message": "[{\"changed\": {\"fields\": [\"\\u041e\\u043f\\u0438\\u0441\\u0430\\u043d\\u0438\\u0435 \\u043a \\u0443\\u0440\\u043e\\u043a\\u0443\"]}}]"}}, {"model": "admin.logentry", "pk": 7, "fields": {"action_time": "2025-04-29T20:58:32.974Z", "user": 2, "content_type": 8, "object_id": "1", "object_repr": "Урок 1: \"Здравствуйте! Меня зовут...\"", "action_flag": 2, "change_message": "[{\"changed\": {\"fields\": [\"\\u0412\\u0438\\u0434\\u0435\\u043e\"]}}]"}}, {"model": "admin.logentry", "pk": 8, "fields": {"action_time": "2025-04-29T21:08:46.337Z", "user": 2, "content_type": 10, "object_id": "2", "object_repr": "1 — Урок 2: \"ひらがな и カタカナ\"", "action_flag": 1, "change_message": "[{\"added\": {}}]"}}, {"model": "admin.logentry", "pk": 9, "fields": {"action_time": "2025-04-29T21:09:19.412Z", "user": 2, "content_type": 8, "object_id": "2", "object_repr": "Урок 2: \"ひらがな и カタカナ\"", "action_flag": 1, "change_message": "[{\"added\": {}}]"}}, {"model": "admin.logentry", "pk": 10, "fields": {"action_time": "2025-04-29T21:15:23.610Z", "user": 2, "content_type": 8, "object_id": "1", "object_repr": "\"Здравствуйте! Меня зовут...\"", "action_flag": 2, "change_message": "[{\"changed\": {\"fields\": [\"\\u041d\\u0430\\u0437\\u0432\\u0430\\u043d\\u0438\\u0435 \\u0443\\u0440\\u043e\\u043a\\u0430\"]}}]"}}, {"model": "admin.logentry", "pk": 11, "fields": {"action_time": "2025-04-29T21:15:31.419Z", "user": 2, "content_type": 8, "object_id": "2", "object_repr": "\"ひらがな и カタカナ\"", "action_flag": 2, "change_message": "[{\"changed\": {\"fields\": [\"\\u041d\\u0430\\u0437\\u0432\\u0430\\u043d\\u0438\\u0435 \\u0443\\u0440\\u043e\\u043a\\u0430\"]}}]"}}, {"model": "admin.logentry", "pk": 12, "fields": {"action_time": "2025-05-07T22:49:31.353Z", "user": 2, "content_type": 12, "object_id": "1", "object_repr": "Инна - Урок 1: \"Здравствуйте! Меня зовут...\"", "action_flag": 2, "change_message": "[{\"changed\": {\"fields\": [\"Lesson done\"]}}]"}}, {"model": "admin.logentry", "pk": 13, "fields": {"action_time": "2025-05-07T22:49:49.648Z", "user": 2, "content_type": 12, "object_id": "2", "object_repr": "Inna - Урок 1: \"Здравствуйте! Меня зовут...\"", "action_flag": 2, "change_message": "[{\"changed\": {\"fields\": [\"Lesson done\"]}}]"}}, {"model": "admin.logentry", "pk": 14, "fields": {"action_time": "2025-05-07T22:49:53.280Z", "user": 2, "content_type": 12, "object_id": "3", "object_repr": "Inna - Урок 2: \"ひらがな и カタカナ\"", "action_flag": 2, "change_message": "[{\"changed\": {\"fields\": [\"Lesson done\"]}}]"}}, {"model": "admin.logentry", "pk": 15, "fields": {"action_time": "2025-05-07T22:50:11.479Z", "user": 2, "content_type": 12, "object_id": "2", "object_repr": "Inna - Урок 1: \"Здравствуйте! Меня зовут...\"", "action_flag": 2, "change_message": "[{\"changed\": {\"fields\": [\"Lesson done\"]}}]"}}, {"model": "admin.logentry", "pk": 16, "fields": {"action_time": "2025-05-08T11:51:03.791Z", "user": 2, "content_type": 12, "object_id": "2", "object_repr": "Inna - Урок 1: \"Здравствуйте! Меня зовут...\"", "action_flag": 2, "change_message": "[{\"changed\": {\"fields\": [\"Lesson done\"]}}]"}}, {"model": "admin.logentry", "pk": 17, "fields": {"action_time": "2025-05-09T14:14:11.109Z", "user": 2, "content_type": 12, "object_id": "1", "object_repr": "Инна - Урок 1: \"Здравствуйте! Меня зовут...\"", "action_flag": 2, "change_message": "[{\"changed\": {\"fields\": [\"Lesson done\"]}}]"}}, {"model": "admin.logentry", "pk": 18, "fields": {"action_time": "2025-05-09T14:14:40.809Z", "user": 2, "content_type": 12, "object_id": "4", "object_repr": "Инна - Урок 2: \"ひらがな и カタカナ\"", "action_flag": 2, "change_message": "[{\"changed\": {\"fields\": [\"Lesson done\"]}}]"}}, {"model": "admin.logentry", "pk": 19, "fields": {"action_time": "2025-05-09T21:45:55.660Z", "user": 2, "content_type": 12, "object_id": "2", "object_repr": "Inna - Урок 1: \"Здравствуйте! Меня зовут...\"", "action_flag": 2, "change_message": "[{\"changed\": {\"fields\": [\"Lesson done\"]}}]"}}, {"model": "admin.logentry", "pk": 20, "fields": {"action_time": "2025-05-13T06:37:09.031Z", "user": 2, "content_type": 4, "object_id": "4", "object_repr": "Виктория", "action_flag": 3, "change_message": ""}}, {"model": "admin.logentry", "pk": 21, "fields": {"action_time": "2025-05-18T16:36:41.418Z", "user": 2, "content_type": 12, "object_id": "2", "object_repr": "Inna - Урок 1: \"Здравствуйте! Меня зовут...\"", "action_flag": 2, "change_message": "[{\"changed\": {\"fields\": [\"Lesson done\"]}}]"}}, {"model": "admin.logentry", "pk": 22, "fields": {"action_time": "2025-05-29T08:27:29.627Z", "user": 2, "content_type": 12, "object_id": "3", "object_repr": "Inna - Урок 2: \"ひらがな и カタカナ\"", "action_flag": 2, "change_message": "[{\"changed\": {\"fields\": [\"Lesson done\"]}}]"}}, {"model": "admin.logentry", "pk": 23, "fields": {"action_time": "2025-05-29T08:28:04.290Z", "user": 2, "content_type": 12, "object_id": "2", "object_repr": "Inna - Урок 1: \"Здравствуйте! Меня зовут...\"", "action_flag": 2, "change_message": "[{\"changed\": {\"fields\": [\"Lesson done\"]}}]"}}, {"model": "admin.logentry", "pk": 24, "fields": {"action_time": "2025-06-06T19:40:39.468Z", "user": 2, "content_type": 13, "object_id": "1", "object_repr": "Что из этого \"луна\"?", "action_flag": 1, "change_message": "[{\"added\": {}}, {\"added\": {\"name\": \"choice image\", \"object\": \"\\u041a\\u0430\\u0440\\u0442\\u0438\\u043d\\u043a\\u0430 \\u0434\\u043b\\u044f '\\u0427\\u0442\\u043e \\u0438\\u0437 \\u044d\\u0442\\u043e\\u0433\\u043e \\\"\\u043b\\u0443\\u043d\\u0430\\\"?' (\\u043d\\u0435\\u0432\\u0435\\u0440\\u043d\\u043e)\"}}, {\"added\": {\"name\": \"choice image\", \"object\": \"\\u041a\\u0430\\u0440\\u0442\\u0438\\u043d\\u043a\\u0430 \\u0434\\u043b\\u044f '\\u0427\\u0442\\u043e \\u0438\\u0437 \\u044d\\u0442\\u043e\\u0433\\u043e \\\"\\u043b\\u0443\\u043d\\u0430\\\"?' (\\u043d\\u0435\\u0432\\u0435\\u0440\\u043d\\u043e)\"}}, {\"added\": {\"name\": \"choice image\", \"object\": \"\\u041a\\u0430\\u0440\\u0442\\u0438\\u043d\\u043a\\u0430 \\u0434\\u043b\\u044f '\\u0427\\u0442\\u043e \\u0438\\u0437 \\u044d\\u0442\\u043e\\u0433\\u043e \\\"\\u043b\\u0443\\u043d\\u0430\\\"?' (\\u0432\\u0435\\u0440\\u043d\\u043e)\"}}, {\"added\": {\"name\": \"choice image\", \"object\": \"\\u041a\\u0430\\u0440\\u0442\\u0438\\u043d\\u043a\\u0430 \\u0434\\u043b\\u044f '\\u0427\\u0442\\u043e \\u0438\\u0437 \\u044d\\u0442\\u043e\\u0433\\u043e \\\"\\u043b\\u0443\\u043d\\u0430\\\"?' (\\u043d\\u0435\\u0432\\u0435\\u0440\\u043d\\u043e)\"}}]"}}, {"model": "admin.logentry", "pk": 25, "fields": {"action_time": "2025-06-06T20:33:29.143Z", "user": 2, "content_type": 13, "object_id": "2", "object_repr": "Что из этого \"гора\"?", "action_flag": 1, "change_message": "[{\"added\": {}}, {\"added\": {\"name\": \"choice image\", \"object\": \"\\u041a\\u0430\\u0440\\u0442\\u0438\\u043d\\u043a\\u0430 \\u0434\\u043b\\u044f '\\u0427\\u0442\\u043e \\u0438\\u0437 \\u044d\\u0442\\u043e\\u0433\\u043e \\\"\\u0433\\u043e\\u0440\\u0430\\\"?' (\\u0432\\u0435\\u0440\\u043d\\u043e)\"}}, {\"added\": {\"name\": \"choice image\", \"object\": \"\\u041a\\u0430\\u0440\\u0442\\u0438\\u043d\\u043a\\u0430 \\u0434\\u043b\\u044f '\\u0427\\u0442\\u043e \\u0438\\u0437 \\u044d\\u0442\\u043e\\u0433\\u043e \\\"\\u0433\\u043e\\u0440\\u0430\\\"?' (\\u043d\\u0435\\u0432\\u0435\\u0440\\u043d\\u043e)\"}}, {\"added\": {\"name\": \"choice image\", \"object\": \"\\u041a\\u0430\\u0440\\u0442\\u0438\\u043d\\u043a\\u0430 \\u0434\\u043b\\u044f '\\u0427\\u0442\\u043e \\u0438\\u0437 \\u044d\\u0442\\u043e\\u0433\\u043e \\\"\\u0433\\u043e\\u0440\\u0430\\\"?' (\\u043d\\u0435\\u0432\\u0435\\u0440\\u043d\\u043e)\"}}, {\"added\": {\"name\": \"choice image\", \"object\": \"\\u041a\\u0430\\u0440\\u0442\\u0438\\u043d\\u043a\\u0430 \\u0434\\u043b\\u044f '\\u0427\\u0442\\u043e \\u0438\\u0437 \\u044d\\u0442\\u043e\\u0433\\u043e \\\"\\u0433\\u043e\\u0440\\u0430\\\"?' (\\u043d\\u0435\\u0432\\u0435\\u0440\\u043d\\u043e)\"}}]"}}, {"model": "admin.logentry", "pk": 26, "fields": {"action_time": "2025-06-07T07:40:43.624Z", "user": 2, "content_type": 8, "object_id": "2", "object_repr": "\"ひらがな и カタカナ\"", "action_flag": 2, "change_message": "[{\"changed\": {\"fields\": [\"\\u041e\\u043f\\u0438\\u0441\\u0430\\u043d\\u0438\\u0435 \\u043a \\u0443\\u0440\\u043e\\u043a\\u0443\"]}}]"}}, {"model": "admin.logentry", "pk": 27, "fields": {"action_time": "2025-06-07T07:43:09.693Z", "user": 2, "content_type": 8, "object_id": "2", "object_repr": "\"Хирагана и катакана\"", "action_flag": 2, "change_message": "[{\"changed\": {\"fields\": [\"\\u041d\\u0430\\u0437\\u0432\\u0430\\u043d\\u0438\\u0435 \\u0443\\u0440\\u043e\\u043a\\u0430\", \"\\u041e\\u043f\\u0438\\u0441\\u0430\\u043d\\u0438\\u0435 \\u043a \\u0443\\u0440\\u043e\\u043a\\u0443\"]}}]"}}, {"model": "admin.logentry", "pk": 28, "fields": {"action_time": "2025-06-07T07:50:13.116Z", "user": 2, "content_type": 10, "object_id": "2", "object_repr": "1 — Урок 2: \"хирагана и катакана\"", "action_flag": 2, "change_message": "[{\"changed\": {\"fields\": [\"\\u041d\\u0430\\u0437\\u0432\\u0430\\u043d\\u0438\\u0435 \\u0433\\u043b\\u0430\\u0432\\u044b\"]}}]"}}, {"model": "admin.logentry", "pk": 29, "fields": {"action_time": "2025-06-07T07:51:04.743Z", "user": 2, "content_type": 10, "object_id": "3", "object_repr": "1 — fgf", "action_flag": 1, "change_message": "[{\"added\": {}}]"}}, {"model": "admin.logentry", "pk": 30, "fields": {"action_time": "2025-06-07T07:51:21.625Z", "user": 2, "content_type": 10, "object_id": "3", "object_repr": "1 — fgf", "action_flag": 3, "change_message": ""}}, {"model": "admin.logentry", "pk": 31, "fields": {"action_time": "2025-06-07T08:08:46.773Z", "user": 2, "content_type": 13, "object_id": "3", "object_repr": "Что из этого \"храм\"?", "action_flag": 1, "change_message": "[{\"added\": {}}, {\"added\": {\"name\": \"choice image\", \"object\": \"\\u041a\\u0430\\u0440\\u0442\\u0438\\u043d\\u043a\\u0430 \\u0434\\u043b\\u044f '\\u0427\\u0442\\u043e \\u0438\\u0437 \\u044d\\u0442\\u043e\\u0433\\u043e \\\"\\u0445\\u0440\\u0430\\u043c\\\"?' (\\u0432\\u0435\\u0440\\u043d\\u043e)\"}}, {\"added\": {\"name\": \"choice image\", \"object\": \"\\u041a\\u0430\\u0440\\u0442\\u0438\\u043d\\u043a\\u0430 \\u0434\\u043b\\u044f '\\u0427\\u0442\\u043e \\u0438\\u0437 \\u044d\\u0442\\u043e\\u0433\\u043e \\\"\\u0445\\u0440\\u0430\\u043c\\\"?' (\\u043d\\u0435\\u0432\\u0435\\u0440\\u043d\\u043e)\"}}, {\"added\": {\"name\": \"choice image\", \"object\": \"\\u041a\\u0430\\u0440\\u0442\\u0438\\u043d\\u043a\\u0430 \\u0434\\u043b\\u044f '\\u0427\\u0442\\u043e \\u0438\\u0437 \\u044d\\u0442\\u043e\\u0433\\u043e \\\"\\u0445\\u0440\\u0430\\u043c\\\"?' (\\u043d\\u0435\\u0432\\u0435\\u0440\\u043d\\u043e)\"}}, {\"added\": {\"name\": \"choice image\", \"object\": \"\\u041a\\u0430\\u0440\\u0442\\u0438\\u043d\\u043a\\u0430 \\u0434\\u043b\\u044f '\\u0427\\u0442\\u043e \\u0438\\u0437 \\u044d\\u0442\\u043e\\u0433\\u043e \\\"\\u0445\\u0440\\u0430\\u043c\\\"?' (\\u043d\\u0435\\u0432\\u0435\\u0440\\u043d\\u043e)\"}}]"}}, {"model": "admin.logentry", "pk": 32, "fields": {"action_time": "2025-06-07T08:09:37.113Z", "user": 2, "content_type": 13, "object_id": "4", "object_repr": "Что из этого \"дерево\"?", "action_flag": 1, "change_message": "[{\"added\": {}}, {\"added\": {\"name\": \"choice image\", \"object\": \"\\u041a\\u0430\\u0440\\u0442\\u0438\\u043d\\u043a\\u0430 \\u0434\\u043b\\u044f '\\u0427\\u0442\\u043e \\u0438\\u0437 \\u044d\\u0442\\u043e\\u0433\\u043e \\\"\\u0434\\u0435\\u0440\\u0435\\u0432\\u043e\\\"?' (\\u043d\\u0435\\u0432\\u0435\\u0440\\u043d\\u043e)\"}}, {\"added\": {\"name\": \"choice image\", \"object\": \"\\u041a\\u0430\\u0440\\u0442\\u0438\\u043d\\u043a\\u0430 \\u0434\\u043b\\u044f '\\u0427\\u0442\\u043e \\u0438\\u0437 \\u044d\\u0442\\u043e\\u0433\\u043e \\\"\\u0434\\u0435\\u0440\\u0435\\u0432\\u043e\\\"?' (\\u043d\\u0435\\u0432\\u0435\\u0440\\u043d\\u043e)\"}}, {\"added\": {\"name\": \"choice image\", \"object\": \"\\u041a\\u0430\\u0440\\u0442\\u0438\\u043d\\u043a\\u0430 \\u0434\\u043b\\u044f '\\u0427\\u0442\\u043e \\u0438\\u0437 \\u044d\\u0442\\u043e\\u0433\\u043e \\\"\\u0434\\u0435\\u0440\\u0435\\u0432\\u043e\\\"?' (\\u043d\\u0435\\u0432\\u0435\\u0440\\u043d\\u043e)\"}}, {\"added\": {\"name\": \"choice image\", \"object\": \"\\u041a\\u0430\\u0440\\u0442\\u0438\\u043d\\u043a\\u0430 \\u0434\\u043b\\u044f '\\u0427\\u0442\\u043e \\u0438\\u0437 \\u044d\\u0442\\u043e\\u0433\\u043e \\\"\\u0434\\u0435\\u0440\\u0435\\u0432\\u043e\\\"?' (\\u0432\\u0435\\u0440\\u043d\\u043e)\"}}]"}}, {"model": "admin.logentry", "pk": 33, "fields": {"action_time": "2025-06-07T11:00:02.335Z", "user": 2, "content_type": 12, "object_id": "3", "object_repr": "Inna - Урок 2: \"хирагана и катакана\"", "action_flag": 2, "change_message": "[{\"changed\": {\"fields\": [\"Choice 1 done\", \"Choice 2 done\"]}}]"}}, {"model": "admin.logentry", "pk": 34, "fields": {"action_time": "2025-06-07T11:00:08.718Z", "user": 2, "content_type": 12, "object_id": "2", "object_repr": "Inna - Урок 1: \"Здравствуйте! Меня зовут...\"", "action_flag": 2, "change_message": "[{\"changed\": {\"fields\": [\"Choice 1 done\", \"Choice 2 done\"]}}]"}}, {"model": "admin.logentry", "pk": 35, "fields": {"action_time": "2025-06-07T11:12:28.211Z", "user": 2, "content_type": 12, "object_id": "4", "object_repr": "Инна - Урок 2: \"хирагана и катакана\"", "action_flag": 2, "change_message": "[{\"changed\": {\"fields\": [\"Lesson done\", \"Choice 2 done\"]}}]"}}, {"model": "admin.logentry", "pk": 36, "fields": {"action_time": "2025-06-07T11:12:34.201Z", "user": 2, "content_type": 12, "object_id": "1", "object_repr": "Инна - Урок 1: \"Здравствуйте! Меня зовут...\"", "action_flag": 2, "change_message": "[{\"changed\": {\"fields\": [\"Lesson done\", \"Choice 1 done\", \"Choice 2 done\"]}}]"}}, {"model": "admin.logentry", "pk": 37, "fields": {"action_time": "2025-06-07T11:12:39.351Z", "user": 2, "content_type": 12, "object_id": "3", "object_repr": "Inna - Урок 2: \"хирагана и катакана\"", "action_flag": 2, "change_message": "[{\"changed\": {\"fields\": [\"Lesson done\"]}}]"}}, {"model": "admin.logentry", "pk": 38, "fields": {"action_time": "2025-06-07T11:12:47.670Z", "user": 2, "content_type": 12, "object_id": "2", "object_repr": "Inna - Урок 1: \"Здравствуйте! Меня зовут...\"", "action_flag": 2, "change_message": "[{\"changed\": {\"fields\": [\"Lesson done\", \"Choice 1 done\", \"Choice 2 done\", \"Words learned\"]}}]"}}, {"model": "admin.logentry", "pk": 39, "fields": {"action_time": "2025-06-07T11:12:52.458Z", "user": 2, "content_type": 12, "object_id": "4", "object_repr": "Инна - Урок 2: \"хирагана и катакана\"", "action_flag": 2, "change_message": "[{\"changed\": {\"fields\": [\"Words learned\"]}}]"}}, {"model": "admin.logentry", "pk": 40, "fields": {"action_time": "2025-06-07T11:12:54.595Z", "user": 2, "content_type": 12, "object_id": "3", "object_repr": "Inna - Урок 2: \"хирагана и катакана\"", "action_flag": 2, "change_message": "[]"}}, {"model": "admin.logentry", "pk": 41, "fields": {"action_time": "2025-06-07T11:18:58.681Z", "user": 2, "content_type": 12, "object_id": "3", "object_repr": "Inna - Урок 2: \"хирагана и катакана\"", "action_flag": 2, "change_message": "[{\"changed\": {\"fields\": [\"Choice 2 done\"]}}]"}}, {"model": "admin.logentry", "pk": 42, "fields": {"action_time": "2025-06-07T11:19:05.925Z", "user": 2, "content_type": 12, "object_id": "3", "object_repr": "Inna - Урок 2: \"хирагана и катакана\"", "action_flag": 2, "change_message": "[{\"changed\": {\"fields\": [\"Words learned\"]}}]"}}, {"model": "admin.logentry", "pk": 43, "fields": {"action_time": "2025-06-07T11:21:12.547Z", "user": 2, "content_type": 12, "object_id": "4", "object_repr": "Инна - Урок 2: \"хирагана и катакана\"", "action_flag": 2, "change_message": "[]"}}, {"model": "admin.logentry", "pk": 44, "fields": {"action_time": "2025-06-07T11:21:17.598Z", "user": 2, "content_type": 12, "object_id": "1", "object_repr": "Инна - Урок 1: \"Здравствуйте! Меня зовут...\"", "action_flag": 2, "change_message": "[{\"changed\": {\"fields\": [\"Words learned\"]}}]"}}, {"model": "admin.logentry", "pk": 45, "fields": {"action_time": "2025-06-07T11:21:29.517Z", "user": 2, "content_type": 12, "object_id": "3", "object_repr": "Inna - Урок 2: \"хирагана и катакана\"", "action_flag": 2, "change_message": "[{\"changed\": {\"fields\": [\"Choice 1 done\", \"Choice 2 done\", \"Words learned\"]}}]"}}, {"model": "admin.logentry", "pk": 46, "fields": {"action_time": "2025-06-07T11:21:36.874Z", "user": 2, "content_type": 12, "object_id": "2", "object_repr": "Inna - Урок 1: \"Здравствуйте! Меня зовут...\"", "action_flag": 2, "change_message": "[{\"changed\": {\"fields\": [\"Choice 1 done\", \"Choice 2 done\", \"Words learned\"]}}]"}}, {"model": "admin.logentry", "pk": 47, "fields": {"action_time": "2025-06-07T11:31:43.171Z", "user": 2, "content_type": 4, "object_id": "6", "object_repr": "Виктор", "action_flag": 3, "change_message": ""}}, {"model": "admin.logentry", "pk": 48, "fields": {"action_time": "2025-06-07T11:31:43.171Z", "user": 2, "content_type": 4, "object_id": "5", "object_repr": "Виктория", "action_flag": 3, "change_message": ""}}, {"model": "admin.logentry", "pk": 49, "fields": {"action_time": "2025-06-07T11:31:43.171Z", "user": 2, "content_type": 4, "object_id": "7", "object_repr": "Викторияя", "action_flag": 3, "change_message": ""}}, {"model": "admin.logentry", "pk": 50, "fields": {"action_time": "2025-06-07T11:31:43.171Z", "user": 2, "content_type": 4, "object_id": "3", "object_repr": "Даша", "action_flag": 3, "change_message": ""}}, {"model": "admin.logentry", "pk": 51, "fields": {"action_time": "2025-06-07T11:31:43.171Z", "user": 2, "content_type": 4, "object_id": "9", "object_repr": "Проверка1", "action_flag": 3, "change_message": ""}}, {"model": "admin.logentry", "pk": 52, "fields": {"action_time": "2025-06-07T11:31:43.171Z", "user": 2, "content_type": 4, "object_id": "8", "object_repr": "Человек", "action_flag": 3, "change_message": ""}}, {"model": "admin.logentry", "pk": 53, "fields": {"action_time": "2025-06-07T11:46:30.546Z", "user": 2, "content_type": 12, "object_id": "3", "object_repr": "Inna - Урок 2: \"хирагана и катакана\"", "action_flag": 2, "change_message": "[{\"changed\": {\"fields\": [\"Words learned\"]}}]"}}, {"model": "admin.logentry", "pk": 54, "fields": {"action_time": "2025-06-07T11:53:37.342Z", "user": 2, "content_type": 12, "object_id": "3", "object_repr": "Inna - Урок 2: \"хирагана и катакана\"", "action_flag": 2, "change_message": "[{\"changed\": {\"fields\": [\"Words learned\"]}}]"}}, {"model": "admin.logentry", "pk": 55, "fields": {"action_time": "2025-06-07T11:53:45.938Z", "user": 2, "content_type": 12, "object_id": "2", "object_repr": "Inna - Урок 1: \"Здравствуйте! Меня зовут...\"", "action_flag": 2, "change_message": "[{\"changed\": {\"fields\": [\"Lesson done\", \"Choice 1 done\", \"Words learned\"]}}]"}}, {"model": "admin.logentry", "pk": 56, "fields": {"action_time": "2025-06-07T11:54:28.715Z", "user": 2, "content_type": 12, "object_id": "2", "object_repr": "Inna - Урок 1: \"Здравствуйте! Меня зовут...\"", "action_flag": 2, "change_message": "[{\"changed\": {\"fields\": [\"Words learned\"]}}]"}}, {"model": "admin.logentry", "pk": 57, "fields": {"action_time": "2025-06-07T12:05:20.611Z", "user": 2, "content_type": 12, "object_id": "3", "object_repr": "Inna - Урок 2: \"хирагана и катакана\"", "action_flag": 2, "change_message": "[{\"changed\": {\"fields\": [\"Choice 1 done\", \"Choice 2 done\", \"Words learned\", \"Score\"]}}]"}}, {"model": "admin.logentry", "pk": 58, "fields": {"action_time": "2025-06-07T12:05:23.290Z", "user": 2, "content_type": 12, "object_id": "4", "object_repr": "Инна - Урок 2: \"хирагана и катакана\"", "action_flag": 2, "change_message": "[]"}}, {"model": "admin.logentry", "pk": 59, "fields": {"action_time": "2025-06-07T12:05:27.158Z", "user": 2, "content_type": 12, "object_id": "3", "object_repr": "Inna - Урок 2: \"хирагана и катакана\"", "action_flag": 2, "change_message": "[{\"changed\": {\"fields\": [\"Score\"]}}]"}}, {"model": "admin.logentry", "pk": 60, "fields": {"action_time": "2025-06-07T12:05:35.780Z", "user": 2, "content_type": 12, "object_id": "2", "object_repr": "Inna - Урок 1: \"Здравствуйте! Меня зовут...\"", "action_flag": 2, "change_message": "[{\"changed\": {\"fields\": [\"Choice 1 done\", \"Choice 2 done\", \"Words learned\", \"Score\"]}}]"}}, {"model": "admin.logentry", "pk": 61, "fields": {"action_time": "2025-06-07T12:05:38.544Z", "user": 2, "content_type": 12, "object_id": "3", "object_repr": "Inna - Урок 2: \"хирагана и катакана\"", "action_flag": 2, "change_message": "[]"}}, {"model": "admin.logentry", "pk": 62, "fields": {"action_time": "2025-06-07T12:05:42.132Z", "user": 2, "content_type": 12, "object_id": "2", "object_repr": "Inna - Урок 1: \"Здравствуйте! Меня зовут...\"", "action_flag": 2, "change_message": "[]"}}, {"model": "admin.logentry", "pk": 63, "fields": {"action_time": "2025-06-07T12:05:59.414Z", "user": 2, "content_type": 12, "object_id": "2", "object_repr": "Inna - Урок 1: \"Здравствуйте! Меня зовут...\"", "action_flag": 2, "change_message": "[{\"changed\": {\"fields\": [\"Lesson done\"]}}]"}}, {"model": "admin.logentry", "pk": 64, "fields": {"action_time": "2025-06-07T12:10:03.785Z", "user": 2, "content_type": 12, "object_id": "3", "object_repr": "Inna - Урок 2: \"хирагана и катакана\"", "action_flag": 2, "change_message": "[{\"changed\": {\"fields\": [\"Choice 1 done\", \"Words learned\", \"Score\"]}}]"}}, {"model": "admin.logentry", "pk": 65, "fields": {"action_time": "2025-06-07T12:10:11.285Z", "user": 2, "content_type": 12, "object_id": "2", "object_repr": "Inna - Урок 1: \"Здравствуйте! Меня зовут...\"", "action_flag": 2, "change_message": "[{\"changed\": {\"fields\": [\"Choice 1 done\", \"Choice 2 done\", \"Words learned\", \"Score\"]}}]"}}, {"model": "admin.logentry", "pk": 66, "fields": {"action_time": "2025-06-07T12:13:17.579Z", "user": 2, "content_type": 12, "object_id": "3", "object_repr": "Inna - Урок 2: \"хирагана и катакана\"", "action_flag": 2, "change_message": "[{\"changed\": {\"fields\": [\"Choice 2 done\", \"Words learned\", \"Score\"]}}]"}}, {"model": "admin.logentry", "pk": 67, "fields": {"action_time": "2025-06-07T12:13:24.931Z", "user": 2, "content_type": 12, "object_id": "2", "object_repr": "Inna - Урок 1: \"Здравствуйте! Меня зовут...\"", "action_flag": 2, "change_message": "[{\"changed\": {\"fields\": [\"Choice 1 done\", \"Choice 2 done\", \"Words learned\", \"Score\"]}}]"}}, {"model": "admin.logentry", "pk": 68, "fields": {"action_time": "2025-06-07T12:23:49.239Z", "user": 2, "content_type": 12, "object_id": "3", "object_repr": "Inna - Урок 2: \"хирагана и катакана\"", "action_flag": 2, "change_message": "[{\"changed\": {\"fields\": [\"Lesson done\", \"Choice 1 done\", \"Choice 2 done\", \"Words learned\", \"Score\"]}}]"}}, {"model": "admin.logentry", "pk": 69, "fields": {"action_time": "2025-06-07T12:23:58.459Z", "user": 2, "content_type": 12, "object_id": "2", "object_repr": "Inna - Урок 1: \"Здравствуйте! Меня зовут...\"", "action_flag": 2, "change_message": "[{\"changed\": {\"fields\": [\"Choice 1 done\", \"Choice 2 done\", \"Words learned\", \"Score\"]}}]"}}, {"model": "admin.logentry", "pk": 70, "fields": {"action_time": "2025-06-07T12:26:23.119Z", "user": 2, "content_type": 12, "object_id": "2", "object_repr": "Inna - Урок 1: \"Здравствуйте! Меня зовут...\"", "action_flag": 2, "change_message": "[{\"changed\": {\"fields\": [\"Choice 1 done\", \"Choice 2 done\"]}}]"}}, {"model": "admin.logentry", "pk": 71, "fields": {"action_time": "2025-06-07T12:41:19.558Z", "user": 2, "content_type": 12, "object_id": "2", "object_repr": "Inna - Урок 1: \"Здравствуйте! Меня зовут...\"", "action_flag": 2, "change_message": "[{\"changed\": {\"fields\": [\"Choice 1 done\", \"Choice 2 done\", \"Words learned\"]}}]"}}, {"model": "admin.logentry", "pk": 72, "fields": {"action_time": "2025-06-07T12:44:22.375Z", "user": 2, "content_type": 12, "object_id": "3", "object_repr": "Inna - Урок 2: \"хирагана и катакана\"", "action_flag": 2, "change_message": "[{\"changed\": {\"fields\": [\"Choice 1 done\", \"Choice 2 done\"]}}]"}}, {"model": "admin.logentry", "pk": 73, "fields": {"action_time": "2025-06-07T12:44:25.855Z", "user": 2, "content_type": 12, "object_id": "2", "object_repr": "Inna - Урок 1: \"Здравствуйте! Меня зовут...\"", "action_flag": 2, "change_message": "[{\"changed\": {\"fields\": [\"Choice 1 done\", \"Choice 2 done\"]}}]"}}, {"model": "admin.logentry", "pk": 74, "fields": {"action_time": "2025-06-07T12:49:59.089Z", "user": 2, "content_type": 12, "object_id": "3", "object_repr": "Inna - Урок 2: \"хирагана и катакана\"", "action_flag": 2, "change_message": "[]"}}, {"model": "admin.logentry", "pk": 75, "fields": {"action_time": "2025-06-07T12:50:03.039Z", "user": 2, "content_type": 12, "object_id": "2", "object_repr": "Inna - Урок 1: \"Здравствуйте! Меня зовут...\"", "action_flag": 2, "change_message": "[{\"changed\": {\"fields\": [\"Choice 1 done\", \"Choice 2 done\"]}}]"}}, {"model": "admin.logentry", "pk": 76, "fields": {"action_time": "2025-06-07T12:57:30.182Z", "user": 2, "content_type": 12, "object_id": "2", "object_repr": "Inna - Урок 1: \"Здравствуйте! Меня зовут...\"", "action_flag": 2, "change_message": "[{\"changed\": {\"fields\": [\"Choice 1 done\"]}}]"}}, {"model": "admin.logentry", "pk": 77, "fields": {"action_time": "2025-06-07T12:59:06.671Z", "user": 2, "content_type": 12, "object_id": "3", "object_repr": "Inna - Урок 2: \"хирагана и катакана\"", "action_flag": 2, "change_message": "[{\"changed\": {\"fields\": [\"Words learned\"]}}]"}}, {"model": "admin.logentry", "pk": 78, "fields": {"action_time": "2025-06-07T13:01:10.745Z", "user": 2, "content_type": 12, "object_id": "3", "object_repr": "Inna - Урок 2: \"хирагана и катакана\"", "action_flag": 2, "change_message": "[{\"changed\": {\"fields\": [\"Choice 1 done\", \"Choice 2 done\", \"Words learned\"]}}]"}}, {"model": "admin.logentry", "pk": 79, "fields": {"action_time": "2025-06-07T13:01:17.454Z", "user": 2, "content_type": 12, "object_id": "2", "object_repr": "Inna - Урок 1: \"Здравствуйте! Меня зовут...\"", "action_flag": 2, "change_message": "[{\"changed\": {\"fields\": [\"Lesson done\", \"Choice 1 done\", \"Choice 2 done\", \"Words learned\"]}}]"}}, {"model": "admin.logentry", "pk": 80, "fields": {"action_time": "2025-06-07T13:05:08.204Z", "user": 2, "content_type": 12, "object_id": "3", "object_repr": "Inna - Урок 2: \"хирагана и катакана\"", "action_flag": 2, "change_message": "[]"}}, {"model": "admin.logentry", "pk": 81, "fields": {"action_time": "2025-06-07T13:05:14.628Z", "user": 2, "content_type": 12, "object_id": "2", "object_repr": "Inna - Урок 1: \"Здравствуйте! Меня зовут...\"", "action_flag": 2, "change_message": "[{\"changed\": {\"fields\": [\"Choice 1 done\", \"Choice 2 done\", \"Words learned\"]}}]"}}, {"model": "admin.logentry", "pk": 82, "fields": {"action_time": "2025-06-07T13:07:05.952Z", "user": 2, "content_type": 12, "object_id": "2", "object_repr": "Inna - Урок 1: \"Здравствуйте! Меня зовут...\"", "action_flag": 2, "change_message": "[{\"changed\": {\"fields\": [\"Choice 1 done\", \"Words learned\"]}}]"}}, {"model": "admin.logentry", "pk": 83, "fields": {"action_time": "2025-06-07T13:08:35.745Z", "user": 2, "content_type": 12, "object_id": "3", "object_repr": "Inna - Урок 2: \"хирагана и катакана\"", "action_flag": 2, "change_message": "[{\"changed\": {\"fields\": [\"Words learned\"]}}]"}}, {"model": "admin.logentry", "pk": 84, "fields": {"action_time": "2025-06-07T13:08:46.662Z", "user": 2, "content_type": 12, "object_id": "3", "object_repr": "Inna - Урок 2: \"хирагана и катакана\"", "action_flag": 2, "change_message": "[{\"changed\": {\"fields\": [\"Words learned\"]}}]"}}, {"model": "admin.logentry", "pk": 85, "fields": {"action_time": "2025-06-07T13:13:36.487Z", "user": 2, "content_type": 12, "object_id": "3", "object_repr": "Inna - Урок 2: \"хирагана и катакана\"", "action_flag": 2, "change_message": "[{\"changed\": {\"fields\": [\"Choice 1 done\"]}}]"}}, {"model": "admin.logentry", "pk": 86, "fields": {"action_time": "2025-06-07T13:18:09.444Z", "user": 2, "content_type": 4, "object_id": "10", "object_repr": "Женя", "action_flag": 3, "change_message": ""}}, {"model": "admin.logentry", "pk": 87, "fields": {"action_time": "2025-06-07T18:38:42.994Z", "user": 2, "content_type": 7, "object_id": "1", "object_repr": "Напиши на русском", "action_flag": 1, "change_message": "[{\"added\": {}}]"}}, {"model": "admin.logentry", "pk": 88, "fields": {"action_time": "2025-06-07T18:48:26.873Z", "user": 2, "content_type": 12, "object_id": "2", "object_repr": "Inna - Урок 1: \"Здравствуйте! Меня зовут...\"", "action_flag": 2, "change_message": "[{\"changed\": {\"fields\": [\"Text done\"]}}]"}}, {"model": "admin.logentry", "pk": 89, "fields": {"action_time": "2025-06-07T19:01:32.200Z", "user": 2, "content_type": 7, "object_id": "1", "object_repr": "Напиши на русском", "action_flag": 2, "change_message": "[]"}}, {"model": "admin.logentry", "pk": 90, "fields": {"action_time": "2025-06-07T19:20:25.167Z", "user": 2, "content_type": 12, "object_id": "2", "object_repr": "Inna - Урок 1: \"Здравствуйте! Меня зовут...\"", "action_flag": 2, "change_message": "[{\"changed\": {\"fields\": [\"Text done\"]}}]"}}, {"model": "admin.logentry", "pk": 91, "fields": {"action_time": "2025-06-07T19:20:54.686Z", "user": 2, "content_type": 12, "object_id": "2", "object_repr": "Inna - Урок 1: \"Здравствуйте! Меня зовут...\"", "action_flag": 2, "change_message": "[{\"changed\": {\"fields\": [\"Text done\"]}}]"}}, {"model": "admin.logentry", "pk": 92, "fields": {"action_time": "2025-06-07T19:21:37.101Z", "user": 2, "content_type": 12, "object_id": "2", "object_repr": "Inna - Урок 1: \"Здравствуйте! Меня зовут...\"", "action_flag": 2, "change_message": "[{\"changed\": {\"fields\": [\"Text done\"]}}]"}}, {"model": "admin.logentry", "pk": 93, "fields": {"action_time": "2025-06-07T19:25:53.874Z", "user": 2, "content_type": 12, "object_id": "2", "object_repr": "Inna - Урок 1: \"Здравствуйте! Меня зовут...\"", "action_flag": 2, "change_message": "[{\"changed\": {\"fields\": [\"Text done\"]}}]"}}, {"model": "admin.logentry", "pk": 94, "fields": {"action_time": "2025-06-07T19:26:17.549Z", "user": 2, "content_type": 12, "object_id": "2", "object_repr": "Inna - Урок 1: \"Здравствуйте! Меня зовут...\"", "action_flag": 2, "change_message": "[{\"changed\": {\"fields\": [\"Text done\"]}}]"}}, {"model": "admin.logentry", "pk": 95, "fields": {"action_time": "2025-06-07T19:28:06.106Z", "user": 2, "content_type": 12, "object_id": "2", "object_repr": "Inna - Урок 1: \"Здравствуйте! Меня зовут...\"", "action_flag": 2, "change_message": "[{\"changed\": {\"fields\": [\"Text done\"]}}]"}}, {"model": "admin.logentry", "pk": 96, "fields": {"action_time": "2025-06-07T19:30:28.619Z", "user": 2, "content_type": 12, "object_id": "2", "object_repr": "Inna - Урок 1: \"Здравствуйте! Меня зовут...\"", "action_flag": 2, "change_message": "[{\"changed\": {\"fields\": [\"Text done\"]}}]"}}, {"model": "admin.logentry", "pk": 97, "fields": {"action_time": "2025-06-07T19:32:45.328Z", "user": 2, "content_type": 12, "object_id": "2", "object_repr": "Inna - Урок 1: \"Здравствуйте! Меня зовут...\"", "action_flag": 2, "change_message": "[{\"changed\": {\"fields\": [\"Text done\"]}}]"}}, {"model": "admin.logentry", "pk": 98, "fields": {"action_time": "2025-06-07T19:36:00.356Z", "user": 2, "content_type": 12, "object_id": "2", "object_repr": "Inna - Урок 1: \"Здравствуйте! Меня зовут...\"", "action_flag": 2, "change_message": "[{\"changed\": {\"fields\": [\"Text done\"]}}]"}}, {"model": "admin.logentry", "pk": 99, "fields": {"action_time": "2025-06-07T19:36:38.815Z", "user": 2, "content_type": 12, "object_id": "2", "object_repr": "Inna - Урок 1: \"Здравствуйте! Меня зовут...\"", "action_flag": 2, "change_message": "[{\"changed\": {\"fields\": [\"Text done\", \"Score\"]}}]"}}, {"model": "admin.logentry", "pk": 100, "fields": {"action_time": "2025-06-07T19:38:34.702Z", "user": 2, "content_type": 12, "object_id": "2", "object_repr": "Inna - Урок 1: \"Здравствуйте! Меня зовут...\"", "action_flag": 2, "change_message": "[{\"changed\": {\"fields\": [\"Text done\"]}}]"}}, {"model": "admin.logentry", "pk": 101, "fields": {"action_time": "2025-06-07T19:52:49.490Z", "user": 2, "content_type": 12, "object_id": "2", "object_repr": "Inna - Урок 1: \"Здравствуйте! Меня зовут...\"", "action_flag": 2, "change_message": "[{\"changed\": {\"fields\": [\"Text done\"]}}]"}}, {"model": "admin.logentry", "pk": 102, "fields": {"action_time": "2025-06-07T19:53:53.704Z", "user": 2, "content_type": 12, "object_id": "2", "object_repr": "Inna - Урок 1: \"Здравствуйте! Меня зовут...\"", "action_flag": 2, "change_message": "[{\"changed\": {\"fields\": [\"Choice 1 done\", \"Choice 2 done\", \"Text done\"]}}]"}}, {"model": "admin.logentry", "pk": 103, "fields": {"action_time": "2025-06-07T19:54:47.346Z", "user": 2, "content_type": 12, "object_id": "2", "object_repr": "Inna - Урок 1: \"Здравствуйте! Меня зовут...\"", "action_flag": 2, "change_message": "[{\"changed\": {\"fields\": [\"Lesson done\", \"Choice 1 done\", \"Choice 2 done\", \"Words learned\"]}}]"}}, {"model": "admin.logentry", "pk": 104, "fields": {"action_time": "2025-06-07T19:54:54.958Z", "user": 2, "content_type": 12, "object_id": "3", "object_repr": "Inna - Урок 2: \"хирагана и катакана\"", "action_flag": 2, "change_message": "[{\"changed\": {\"fields\": [\"Lesson done\", \"Choice 1 done\", \"Choice 2 done\", \"Words learned\"]}}]"}}, {"model": "admin.logentry", "pk": 105, "fields": {"action_time": "2025-06-07T19:56:13.875Z", "user": 2, "content_type": 12, "object_id": "2", "object_repr": "Inna - Урок 1: \"Здравствуйте! Меня зовут...\"", "action_flag": 2, "change_message": "[{\"changed\": {\"fields\": [\"Text done\"]}}]"}}, {"model": "admin.logentry", "pk": 106, "fields": {"action_time": "2025-06-07T20:01:53.283Z", "user": 2, "content_type": 12, "object_id": "2", "object_repr": "Inna - Урок 1: \"Здравствуйте! Меня зовут...\"", "action_flag": 2, "change_message": "[{\"changed\": {\"fields\": [\"Text done\"]}}]"}}, {"model": "admin.logentry", "pk": 107, "fields": {"action_time": "2025-06-07T20:07:16.399Z", "user": 2, "content_type": 12, "object_id": "2", "object_repr": "Inna - Урок 1: \"Здравствуйте! Меня зовут...\"", "action_flag": 2, "change_message": "[{\"changed\": {\"fields\": [\"Lesson done\", \"Choice 1 done\", \"Text done\", \"Words learned\"]}}]"}}, {"model": "admin.logentry", "pk": 108, "fields": {"action_time": "2025-06-07T20:07:21.978Z", "user": 2, "content_type": 12, "object_id": "3", "object_repr": "Inna - Урок 2: \"хирагана и катакана\"", "action_flag": 2, "change_message": "[]"}}, {"model": "admin.logentry", "pk": 109, "fields": {"action_time": "2025-06-07T20:11:52.850Z", "user": 2, "content_type": 12, "object_id": "2", "object_repr": "Inna - Урок 1: \"Здравствуйте! Меня зовут...\"", "action_flag": 2, "change_message": "[{\"changed\": {\"fields\": [\"Text done\", \"Words learned\"]}}]"}}, {"model": "admin.logentry", "pk": 110, "fields": {"action_time": "2025-06-07T20:12:26.328Z", "user": 2, "content_type": 12, "object_id": "2", "object_repr": "Inna - Урок 1: \"Здравствуйте! Меня зовут...\"", "action_flag": 2, "change_message": "[{\"changed\": {\"fields\": [\"Text done\", \"Words learned\"]}}]"}}, {"model": "admin.logentry", "pk": 111, "fields": {"action_time": "2025-06-07T20:39:47.996Z", "user": 2, "content_type": 12, "object_id": "2", "object_repr": "Inna - Урок 1: \"Здравствуйте! Меня зовут...\"", "action_flag": 2, "change_message": "[{\"changed\": {\"fields\": [\"Text done\", \"Words learned\"]}}]"}}, {"model": "admin.logentry", "pk": 112, "fields": {"action_time": "2025-06-07T21:37:56.456Z", "user": 2, "content_type": 12, "object_id": "2", "object_repr": "Inna - Урок 1: \"Здравствуйте! Меня зовут...\"", "action_flag": 2, "change_message": "[{\"changed\": {\"fields\": [\"Text done\", \"Words learned\"]}}]"}}, {"model": "admin.logentry", "pk": 113, "fields": {"action_time": "2025-06-07T21:45:43.797Z", "user": 2, "content_type": 12, "object_id": "2", "object_repr": "Inna - Урок 1: \"Здравствуйте! Меня зовут...\"", "action_flag": 2, "change_message": "[{\"changed\": {\"fields\": [\"Text done\", \"Words learned\"]}}]"}}, {"model": "admin.logentry", "pk": 114, "fields": {"action_time": "2025-06-07T21:48:26.067Z", "user": 2, "content_type": 12, "object_id": "2", "object_repr": "Inna - Урок 1: \"Здравствуйте! Меня зовут...\"", "action_flag": 2, "change_message": "[{\"changed\": {\"fields\": [\"Text done\", \"Words learned\", \"Text perfect\"]}}]"}}, {"model": "admin.logentry", "pk": 115, "fields": {"action_time": "2025-06-07T21:49:46.061Z", "user": 2, "content_type": 12, "object_id": "2", "object_repr": "Inna - Урок 1: \"Здравствуйте! Меня зовут...\"", "action_flag": 2, "change_message": "[{\"changed\": {\"fields\": [\"Choice 1 done\", \"Text done\", \"Words learned\"]}}]"}}, {"model": "admin.logentry", "pk": 116, "fields": {"action_time": "2025-06-07T21:50:21.671Z", "user": 2, "content_type": 12, "object_id": "2", "object_repr": "Inna - Урок 1: \"Здравствуйте! Меня зовут...\"", "action_flag": 2, "change_message": "[{\"changed\": {\"fields\": [\"Choice 1 done\", \"Text done\", \"Words learned\"]}}]"}}, {"model": "admin.logentry", "pk": 117, "fields": {"action_time": "2025-06-07T21:52:49.434Z", "user": 2, "content_type": 12, "object_id": "2", "object_repr": "Inna - Урок 1: \"Здравствуйте! Меня зовут...\"", "action_flag": 2, "change_message": "[{\"changed\": {\"fields\": [\"Text done\", \"Words learned\"]}}]"}}, {"model": "admin.logentry", "pk": 118, "fields": {"action_time": "2025-06-07T21:55:01.698Z", "user": 2, "content_type": 12, "object_id": "2", "object_repr": "Inna - Урок 1: \"Здравствуйте! Меня зовут...\"", "action_flag": 2, "change_message": "[{\"changed\": {\"fields\": [\"Text done\", \"Words learned\"]}}]"}}, {"model": "admin.logentry", "pk": 119, "fields": {"action_time": "2025-06-07T21:58:03.385Z", "user": 2, "content_type": 7, "object_id": "2", "object_repr": "Напиши на русском", "action_flag": 1, "change_message": "[{\"added\": {}}]"}}, {"model": "admin.logentry", "pk": 120, "fields": {"action_time": "2025-06-07T22:00:33.051Z", "user": 2, "content_type": 12, "object_id": "2", "object_repr": "Inna - Урок 1: \"Здравствуйте! Меня зовут...\"", "action_flag": 2, "change_message": "[{\"changed\": {\"fields\": [\"Lesson done\", \"Choice 1 done\", \"Choice 2 done\", \"Text done\", \"Words learned\", \"Text perfect\"]}}]"}}, {"model": "admin.logentry", "pk": 121, "fields": {"action_time": "2025-06-07T22:00:38.213Z", "user": 2, "content_type": 12, "object_id": "3", "object_repr": "Inna - Урок 2: \"хирагана и катакана\"", "action_flag": 2, "change_message": "[{\"changed\": {\"fields\": [\"Text done\", \"Words learned\"]}}]"}}, {"model": "admin.logentry", "pk": 122, "fields": {"action_time": "2025-06-07T22:05:35.257Z", "user": 2, "content_type": 12, "object_id": "2", "object_repr": "Inna - Урок 1: \"Здравствуйте! Меня зовут...\"", "action_flag": 2, "change_message": "[{\"changed\": {\"fields\": [\"Choice 2 done\", \"Text done\", \"Words learned\", \"Text perfect\"]}}]"}}, {"model": "admin.logentry", "pk": 123, "fields": {"action_time": "2025-06-07T22:05:42.228Z", "user": 2, "content_type": 12, "object_id": "3", "object_repr": "Inna - Урок 2: \"хирагана и катакана\"", "action_flag": 2, "change_message": "[{\"changed\": {\"fields\": [\"Text done\", \"Words learned\", \"Text perfect\"]}}]"}}, {"model": "admin.logentry", "pk": 124, "fields": {"action_time": "2025-06-08T08:23:14.870Z", "user": 2, "content_type": 12, "object_id": "7", "object_repr": "ghy456 - Урок 1: \"Здравствуйте! Меня зовут...\"", "action_flag": 3, "change_message": ""}}, {"model": "admin.logentry", "pk": 125, "fields": {"action_time": "2025-06-08T08:23:14.870Z", "user": 2, "content_type": 12, "object_id": "6", "object_repr": "Женя - Урок 1: \"Здравствуйте! Меня зовут...\"", "action_flag": 3, "change_message": ""}}, {"model": "admin.logentry", "pk": 126, "fields": {"action_time": "2025-06-08T08:23:22.122Z", "user": 2, "content_type": 12, "object_id": "3", "object_repr": "Inna - Урок 2: \"хирагана и катакана\"", "action_flag": 2, "change_message": "[]"}}, {"model": "admin.logentry", "pk": 127, "fields": {"action_time": "2025-06-08T08:23:26.427Z", "user": 2, "content_type": 12, "object_id": "2", "object_repr": "Inna - Урок 1: \"Здравствуйте! Меня зовут...\"", "action_flag": 2, "change_message": "[{\"changed\": {\"fields\": [\"Words learned\"]}}]"}}, {"model": "admin.logentry", "pk": 128, "fields": {"action_time": "2025-06-08T08:36:27.429Z", "user": 2, "content_type": 12, "object_id": "3", "object_repr": "Inna - Урок 2: \"хирагана и катакана\"", "action_flag": 2, "change_message": "[{\"changed\": {\"fields\": [\"Text done\", \"Words learned\", \"Text perfect\"]}}]"}}, {"model": "admin.logentry", "pk": 129, "fields": {"action_time": "2025-06-08T08:36:35.653Z", "user": 2, "content_type": 12, "object_id": "2", "object_repr": "Inna - Урок 1: \"Здравствуйте! Меня зовут...\"", "action_flag": 2, "change_message": "[{\"changed\": {\"fields\": [\"Choice 1 done\", \"Text done\", \"Words learned\", \"Text perfect\"]}}]"}}, {"model": "admin.logentry", "pk": 130, "fields": {"action_time": "2025-06-08T08:36:41.041Z", "user": 2, "content_type": 12, "object_id": "3", "object_repr": "Inna - Урок 2: \"хирагана и катакана\"", "action_flag": 2, "change_message": "[]"}}, {"model": "admin.logentry", "pk": 131, "fields": {"action_time": "2025-06-08T09:51:09.703Z", "user": 2, "content_type": 4, "object_id": "12", "object_repr": "ghy456", "action_flag": 3, "change_message": ""}}, {"model": "admin.logentry", "pk": 132, "fields": {"action_time": "2025-06-08T09:51:09.703Z", "user": 2, "content_type": 4, "object_id": "11", "object_repr": "Женя", "action_flag": 3, "change_message": ""}}, {"model": "admin.logentry", "pk": 133, "fields": {"action_time": "2025-06-08T09:51:09.703Z", "user": 2, "content_type": 4, "object_id": "13", "object_repr": "Женяz", "action_flag": 3, "change_message": ""}}, {"model": "admin.logentry", "pk": 134, "fields": {"action_time": "2025-06-08T09:52:52.006Z", "user": 2, "content_type": 4, "object_id": "14", "object_repr": "Женя", "action_flag": 3, "change_message": ""}}, {"model": "admin.logentry", "pk": 135, "fields": {"action_time": "2025-06-08T10:20:37.487Z", "user": 2, "content_type": 8, "object_id": "2", "object_repr": "\"Хирагана и катакана\"", "action_flag": 2, "change_message": "[{\"changed\": {\"fields\": [\"\\u0412\\u0438\\u0434\\u0435\\u043e\"]}}]"}}, {"model": "admin.logentry", "pk": 136, "fields": {"action_time": "2025-06-08T10:20:45.547Z", "user": 2, "content_type": 8, "object_id": "1", "object_repr": "\"Здравствуйте! Меня зовут...\"", "action_flag": 2, "change_message": "[{\"changed\": {\"fields\": [\"\\u0412\\u0438\\u0434\\u0435\\u043e\"]}}]"}}, {"model": "admin.logentry", "pk": 137, "fields": {"action_time": "2025-06-08T14:48:24.426Z", "user": 2, "content_type": 8, "object_id": "1", "object_repr": "\"Здравствуйте! Меня зовут...\"", "action_flag": 2, "change_message": "[{\"changed\": {\"fields\": [\"\\u0412\\u0438\\u0434\\u0435\\u043e\"]}}]"}}, {"model": "admin.logentry", "pk": 138, "fields": {"action_time": "2025-06-08T14:48:32.822Z", "user": 2, "content_type": 8, "object_id": "2", "object_repr": "\"Хирагана и катакана\"", "action_flag": 2, "change_message": "[{\"changed\": {\"fields\": [\"\\u0412\\u0438\\u0434\\u0435\\u043e\"]}}]"}}, {"model": "admin.logentry", "pk": 139, "fields": {"action_time": "2025-06-08T14:58:15.530Z", "user": 2, "content_type": 4, "object_id": "1", "object_repr": "Инна", "action_flag": 2, "change_message": "[{\"changed\": {\"fields\": [\"Staff status\"]}}]"}}, {"model": "auth.user", "pk": 1, "fields": {"password": "pbkdf2_sha256$1000000$rJxVXfkATDWbL02XC326yQ$0CYt06tyQ747h41GNQTm0acNlwD1D1ZAphvmVVaoZRY=", "last_login": "2025-06-08T10:18:48Z", "is_superuser": false, "username": "Инна", "first_name": "", "last_name": "", "email": "inna.fedotova.2002@mail.ru", "is_staff": true, "is_active": true, "date_joined": "2025-04-28T23:01:16Z", "groups": [], "user_permissions": []}}, {"model": "auth.user", "pk": 2, "fields": {"password": "pbkdf2_sha256$1000000$586yFSI8DWdiDQcXKvNpVQ$2mUzdnSMerbK4PyJZxKQwUoZ9GMP2qDMzA0lM5xC6Og=", "last_login": "2025-06-08T14:44:58.427Z", "is_superuser": true, "username": "Inna", "first_name": "", "last_name": "", "email": "inna.fedotovaa.2002@mail.ru", "is_staff": true, "is_active": true, "date_joined": "2025-04-29T13:47:38.108Z", "groups": [], "user_permissions": []}}, {"model": "auth.user", "pk": 15, "fields": {"password": "pbkdf2_sha256$1000000$Q794z5joOMHqdKHmsppanb$aUH8M2KFjnDbE0bjIdQDTfXdM8NTqnZdEzCGVb9Ktpc=", "last_login": "2025-06-08T14:44:23.499Z", "is_superuser": false, "username": "имя", "first_name": "", "last_name": "", "email": "yyyygftfgygyu@mail.ru", "is_staff": false, "is_active": true, "date_joined": "2025-06-08T14:44:22.015Z", "groups": [], "user_permissions": []}}, {"model": "sessions.session", "pk": "1mjrzbdt3sxqslqm02hj7ardoa981rod", "fields": {"session_data": ".eJxVjDsOwjAQBe_iGln-KjYlPWewdr1rHEC2FCcV4u4QKQW0b2beSyTY1pq2wUuaSZyFEaffDSE_uO2A7tBuXebe1mVGuSvyoENeO_Hzcrh_BxVG_dZFG-8MRQ4-WptjQQ6abHHIYCYCyqwBwFmfPUw6MGqFmaICBlYhivcHAdg5FQ:1uDfju:igNRRcgZW18CoAXJIDJ1bfBFEIZvvI8AkfxUg5V6gys", "expire_date": "2025-05-24T08:39:22.162Z"}}, {"model": "sessions.session", "pk": "1njgwaiuz6scq3peabbf84kjt86hbhv0", "fields": {"session_data": ".eJxVjEEOwiAQRe_C2pBhgAIu3XsGMjBUqoYmpV0Z765NutDtf-_9l4i0rTVuvSxxYnEWSpx-t0T5UdoO-E7tNss8t3WZktwVedAurzOX5-Vw_w4q9fqtXfacnDEIFn22aAtZ0imQtyGNFoJWY2IABAymsBqQAjoNqHQYkEG8P8gSNp8:1u9rEh:m1aNpuVswasC96oJMjJuOfshOAeRr3WVt48H3epfm_g", "expire_date": "2025-05-13T20:07:23.162Z"}}, {"model": "sessions.session", "pk": "201sy0235xf7ug2fed1np2vh6ycol234", "fields": {"session_data": ".eJxVjEEOwiAQRe_C2pBhgAIu3XsGMjBUqoYmpV0Z765NutDtf-_9l4i0rTVuvSxxYnEWSpx-t0T5UdoO-E7tNss8t3WZktwVedAurzOX5-Vw_w4q9fqtXfacnDEIFn22aAtZ0imQtyGNFoJWY2IABAymsBqQAjoNqHQYkEG8P8gSNp8:1u9o1V:P3vKN1kGGMCXAZnTI3ltxmefCs4QHmBWJYzv7a92180", "expire_date": "2025-05-13T16:41:33.840Z"}}, {"model": "sessions.session", "pk": "31a4z0iuopd5xj6qsmfkk5rrwhcpm5oc", "fields": {"session_data": ".eJxVjEEOwiAQRe_C2pBhgAIu3XsGMjBUqoYmpV0Z765NutDtf-_9l4i0rTVuvSxxYnEWSpx-t0T5UdoO-E7tNss8t3WZktwVedAurzOX5-Vw_w4q9fqtXfacnDEIFn22aAtZ0imQtyGNFoJWY2IABAymsBqQAjoNqHQYkEG8P8gSNp8:1u9kBM:9rMO3sdqACK1DRofnb4ix3ZEIuIRdFhQwoszYIFsKiQ", "expire_date": "2025-05-13T12:35:28.129Z"}}, {"model": "sessions.session", "pk": "3pevd7431oymixo5u38k1mblxhg0pswv", "fields": {"session_data": ".eJxVjDsOwjAQBe_iGln-KjYlPWewdr1rHEC2FCcV4u4QKQW0b2beSyTY1pq2wUuaSZyFEaffDSE_uO2A7tBuXebe1mVGuSvyoENeO_Hzcrh_BxVG_dZFG-8MRQ4-WptjQQ6abHHIYCYCyqwBwFmfPUw6MGqFmaICBlYhivcHAdg5FQ:1uOCfw:d_Kj6mThlBTqx5RoYkqv5iIe4_k5nSEygV4Q1xtAA7M", "expire_date": "2025-06-22T09:50:48.075Z"}}, {"model": "sessions.session", "pk": "7w75on3obx3meqqj99g3rqf75qlhovsi", "fields": {"session_data": ".eJxVjDsOwjAQBe_iGln-KjYlPWewdr1rHEC2FCcV4u4QKQW0b2beSyTY1pq2wUuaSZyFEaffDSE_uO2A7tBuXebe1mVGuSvyoENeO_Hzcrh_BxVG_dZFG-8MRQ4-WptjQQ6abHHIYCYCyqwBwFmfPUw6MGqFmaICBlYhivcHAdg5FQ:1uCnZC:5qYCa9tARwB7BP-YpeDFmxgtYKrTHYZHpZUAIJP3D_o", "expire_date": "2025-05-21T22:48:42.747Z"}}, {"model": "sessions.session", "pk": "8gb03iz6ddvqpdx0md24ewvfefbjap8n", "fields": {"session_data": ".eJxVjEEOwiAQRe_C2hAY2kJduvcMZJgZpGpoUtqV8e7apAvd_vfef6mI21ri1mSJE6uzsur0uyWkh9Qd8B3rbdY013WZkt4VfdCmrzPL83K4fwcFW_nW5AP6ToAGwWQDk4jrfbIDmdExULAGRhZwYEyXORP2Gcglky1Cylm9P_1BONY:1uDiCZ:Y8AHkGQLb6l8lk2zkkVTZ92kh6nbWNONwGtl5N4yqf4", "expire_date": "2025-05-24T11:17:07.353Z"}}, {"model": "sessions.session", "pk": "8li15tdjsz7xovu5yy7y6qap723ao7td", "fields": {"session_data": ".eJxVjEEOwiAQRe_C2pBhgAIu3XsGMjBUqoYmpV0Z765NutDtf-_9l4i0rTVuvSxxYnEWSpx-t0T5UdoO-E7tNss8t3WZktwVedAurzOX5-Vw_w4q9fqtXfacnDEIFn22aAtZ0imQtyGNFoJWY2IABAymsBqQAjoNqHQYkEG8P8gSNp8:1u9rkc:L_bzWVTKxc7Gj2Fy05B7UKlOXMgwG3rhA-yeS_uH3LU", "expire_date": "2025-05-13T20:40:22.295Z"}}, {"model": "sessions.session", "pk": "bm7lkb33g0r1l3opgqxtapwyb3l2gqtb", "fields": {"session_data": ".eJxVjEEOwiAQRe_C2hAY2kJduvcMZJgZpGpoUtqV8e7apAvd_vfef6mI21ri1mSJE6uzsur0uyWkh9Qd8B3rbdY013WZkt4VfdCmrzPL83K4fwcFW_nW5AP6ToAGwWQDk4jrfbIDmdExULAGRhZwYEyXORP2Gcglky1Cylm9P_1BONY:1uNczn:mYGRSn8kZ_H3cLgeLgEBE-3BNGBx4CWI1DNhQITWqi0", "expire_date": "2025-06-20T19:44:55.922Z"}}, {"model": "sessions.session", "pk": "bquwrrqegu8ehw8yryovasvxlw2pujtm", "fields": {"session_data": ".eJxVjDsOwjAQBe_iGln-KjYlPWewdr1rHEC2FCcV4u4QKQW0b2beSyTY1pq2wUuaSZyFEaffDSE_uO2A7tBuXebe1mVGuSvyoENeO_Hzcrh_BxVG_dZFG-8MRQ4-WptjQQ6abHHIYCYCyqwBwFmfPUw6MGqFmaICBlYhivcHAdg5FQ:1uNyQ8:4tXS7BzFg3Or32Wp1pNTgIUQcxCjBSs62le8Z_zi9ds", "expire_date": "2025-06-21T18:37:32.890Z"}}, {"model": "sessions.session", "pk": "djggvggtscns8zn7iq1zsveqq2gg4f8m", "fields": {"session_data": ".eJxVjDsOwjAQBe_iGln-KjYlPWewdr1rHEC2FCcV4u4QKQW0b2beSyTY1pq2wUuaSZyFEaffDSE_uO2A7tBuXebe1mVGuSvyoENeO_Hzcrh_BxVG_dZFG-8MRQ4-WptjQQ6abHHIYCYCyqwBwFmfPUw6MGqFmaICBlYhivcHAdg5FQ:1uDVPC:8YNd2FiDTsOSoTUr-9bDzmI4Yx1cXEQ9lWQn7pJM9Qs", "expire_date": "2025-05-23T21:37:18.951Z"}}, {"model": "sessions.session", "pk": "e2rvz0ja9ae5bsj77c7g041st22otg23", "fields": {"session_data": ".eJxVjDsOwjAQBe_iGln-KjYlPWewdr1rHEC2FCcV4u4QKQW0b2beSyTY1pq2wUuaSZyFEaffDSE_uO2A7tBuXebe1mVGuSvyoENeO_Hzcrh_BxVG_dZFG-8MRQ4-WptjQQ6abHHIYCYCyqwBwFmfPUw6MGqFmaICBlYhivcHAdg5FQ:1uOHGc:Sk6yZ7cjn8JHZYGdFAxsJysYjOvSqBE_umUr47VOi18", "expire_date": "2025-06-22T14:44:58.590Z"}}, {"model": "sessions.session", "pk": "fjg1l1j1dz1tqoi5qlbv8o64q8sd2ysk", "fields": {"session_data": ".eJxVjDsOwjAQBe_iGln-KjYlPWewdr1rHEC2FCcV4u4QKQW0b2beSyTY1pq2wUuaSZyFEaffDSE_uO2A7tBuXebe1mVGuSvyoENeO_Hzcrh_BxVG_dZFG-8MRQ4-WptjQQ6abHHIYCYCyqwBwFmfPUw6MGqFmaICBlYhivcHAdg5FQ:1uNoJI:MF98m85_eFTFRb-hC7KjHSTwFyWpystv-HXwRmMpLXM", "expire_date": "2025-06-21T07:49:48.724Z"}}, {"model": "sessions.session", "pk": "g1a1edc7t5ppy94if22r8r0cf6jyv4zl", "fields": {"session_data": ".eJxVjEEOwiAQRe_C2pBhgAIu3XsGMjBUqoYmpV0Z765NutDtf-_9l4i0rTVuvSxxYnEWSpx-t0T5UdoO-E7tNss8t3WZktwVedAurzOX5-Vw_w4q9fqtXfacnDEIFn22aAtZ0imQtyGNFoJWY2IABAymsBqQAjoNqHQYkEG8P8gSNp8:1u9kBL:Y7Ial1z7cSpiei76g7qspUD5QvRsrL-lYFyYhfDNnLU", "expire_date": "2025-05-13T12:35:27.686Z"}}, {"model": "sessions.session", "pk": "g3eru2zg1f5f195c0z4j73xstf55j392", "fields": {"session_data": ".eJxVjDsOwjAQBe_iGln-KjYlPWewdr1rHEC2FCcV4u4QKQW0b2beSyTY1pq2wUuaSZyFEaffDSE_uO2A7tBuXebe1mVGuSvyoENeO_Hzcrh_BxVG_dZFG-8MRQ4-WptjQQ6abHHIYCYCyqwBwFmfPUw6MGqFmaICBlYhivcHAdg5FQ:1uDUCv:-X6lQPuDhIlS824ba_XuKNjxXJjW-4vgpgWcoYngRwE", "expire_date": "2025-05-23T20:20:33.379Z"}}, {"model": "sessions.session", "pk": "ghu2x874mzn1f5klvw4ydieukrfupjfg", "fields": {"session_data": ".eJxVjDsOwjAQBe_iGln-KjYlPWewdr1rHEC2FCcV4u4QKQW0b2beSyTY1pq2wUuaSZyFEaffDSE_uO2A7tBuXebe1mVGuSvyoENeO_Hzcrh_BxVG_dZFG-8MRQ4-WptjQQ6abHHIYCYCyqwBwFmfPUw6MGqFmaICBlYhivcHAdg5FQ:1uDVPC:8YNd2FiDTsOSoTUr-9bDzmI4Yx1cXEQ9lWQn7pJM9Qs", "expire_date": "2025-05-23T21:37:18.591Z"}}, {"model": "sessions.session", "pk": "iwwtxzbm6a8b3wqpmz0t6x0pvyg1fdek", "fields": {"session_data": ".eJxVjDsOwjAQBe_iGln-KjYlPWewdr1rHEC2FCcV4u4QKQW0b2beSyTY1pq2wUuaSZyFEaffDSE_uO2A7tBuXebe1mVGuSvyoENeO_Hzcrh_BxVG_dZFG-8MRQ4-WptjQQ6abHHIYCYCyqwBwFmfPUw6MGqFmaICBlYhivcHAdg5FQ:1uOChk:wKyJDHLdm1_tZta0lqJFZx-eoM9NL1ZwGtDJj2ixp_U", "expire_date": "2025-06-22T09:52:40.008Z"}}, {"model": "sessions.session", "pk": "lca1nvemukpyzf5au5o4t146phghz90d", "fields": {"session_data": ".eJxVjEEOwiAQRe_C2hAY2kJduvcMZJgZpGpoUtqV8e7apAvd_vfef6mI21ri1mSJE6uzsur0uyWkh9Qd8B3rbdY013WZkt4VfdCmrzPL83K4fwcFW_nW5AP6ToAGwWQDk4jrfbIDmdExULAGRhZwYEyXORP2Gcglky1Cylm9P_1BONY:1uOD4b:5p-r--QY9PzwQttV9YSKjU114hkhR-WtPXtylf-sjsk", "expire_date": "2025-06-22T10:16:17.598Z"}}, {"model": "sessions.session", "pk": "nkvn79upx8skdwdyty0cbu3xdrzuiphk", "fields": {"session_data": ".eJxVjEEOwiAQRe_C2hAY2kJduvcMZJgZpGpoUtqV8e7apAvd_vfef6mI21ri1mSJE6uzsur0uyWkh9Qd8B3rbdY013WZkt4VfdCmrzPL83K4fwcFW_nW5AP6ToAGwWQDk4jrfbIDmdExULAGRhZwYEyXORP2Gcglky1Cylm9P_1BONY:1uOD5O:IHOp-rxZDJmzBYhr64uCHq0lRMTxPondnGfrGXTreyw", "expire_date": "2025-06-22T10:17:06.648Z"}}, {"model": "sessions.session", "pk": "obloma1jvzk62wdnfe04cl8fkqrnat7n", "fields": {"session_data": ".eJxVjEEOwiAQRe_C2hAY2kJduvcMZJgZpGpoUtqV8e7apAvd_vfef6mI21ri1mSJE6uzsur0uyWkh9Qd8B3rbdY013WZkt4VfdCmrzPL83K4fwcFW_nW5AP6ToAGwWQDk4jrfbIDmdExULAGRhZwYEyXORP2Gcglky1Cylm9P_1BONY:1uOCzb:c2jQ99CfMIbX6r6BdnIZw4fX6dDeCqL6qF9cVFo4Z6M", "expire_date": "2025-06-22T10:11:07.639Z"}}, {"model": "sessions.session", "pk": "odn1h6hgg2yyuaornd6mqxuc3042ztjm", "fields": {"session_data": ".eJxVjDsOwjAQBe_iGln-KjYlPWewdr1rHEC2FCcV4u4QKQW0b2beSyTY1pq2wUuaSZyFEaffDSE_uO2A7tBuXebe1mVGuSvyoENeO_Hzcrh_BxVG_dZFG-8MRQ4-WptjQQ6abHHIYCYCyqwBwFmfPUw6MGqFmaICBlYhivcHAdg5FQ:1uAYKy:tq0rAvBiBdY5OjDo4mzmIVQ_E3jlcQRrcmW_B4KnTjE", "expire_date": "2025-05-15T18:08:44.882Z"}}, {"model": "sessions.session", "pk": "r80703cqxu1beouz25idqb1y4887mvgh", "fields": {"session_data": ".eJxVjEEOwiAQRe_C2hAY2kJduvcMZJgZpGpoUtqV8e7apAvd_vfef6mI21ri1mSJE6uzsur0uyWkh9Qd8B3rbdY013WZkt4VfdCmrzPL83K4fwcFW_nW5AP6ToAGwWQDk4jrfbIDmdExULAGRhZwYEyXORP2Gcglky1Cylm9P_1BONY:1uOD2E:RcuNikmBOMvWAhfMJ9qqGljzbyZtmcepUNfiihrBO1I", "expire_date": "2025-06-22T10:13:50.009Z"}}, {"model": "sessions.session", "pk": "v1p19hw1jmn769xj0dqkln0cgdiizke6", "fields": {"session_data": ".eJxVjEEOwiAQRe_C2hAY2kJduvcMZJgZpGpoUtqV8e7apAvd_vfef6mI21ri1mSJE6uzsur0uyWkh9Qd8B3rbdY013WZkt4VfdCmrzPL83K4fwcFW_nW5AP6ToAGwWQDk4jrfbIDmdExULAGRhZwYEyXORP2Gcglky1Cylm9P_1BONY:1uOC0L:bkaEH3PWIsl-5dHvYjFN1ErpuU8KtyyNUY8iKFc4iqo", "expire_date": "2025-06-22T09:07:49.584Z"}}, {"model": "sessions.session", "pk": "v25wd4tv42y1mvn1uygqfnzfvs9zvff0", "fields": {"session_data": ".eJxVjDsOwjAQBe_iGln-KjYlPWewdr1rHEC2FCcV4u4QKQW0b2beSyTY1pq2wUuaSZyFEaffDSE_uO2A7tBuXebe1mVGuSvyoENeO_Hzcrh_BxVG_dZFG-8MRQ4-WptjQQ6abHHIYCYCyqwBwFmfPUw6MGqFmaICBlYhivcHAdg5FQ:1u9rY2:y8UdM4s8Vb5MboKsv-ZFlDpewQNw3CASntQBgXOkEuY", "expire_date": "2025-05-13T20:27:22.913Z"}}, {"model": "sessions.session", "pk": "xd4cyi8w3972miongd3g8whin33999fb", "fields": {"session_data": ".eJxVjDsOwjAQBe_iGln-KjYlPWewdr1rHEC2FCcV4u4QKQW0b2beSyTY1pq2wUuaSZyFEaffDSE_uO2A7tBuXebe1mVGuSvyoENeO_Hzcrh_BxVG_dZFG-8MRQ4-WptjQQ6abHHIYCYCyqwBwFmfPUw6MGqFmaICBlYhivcHAdg5FQ:1uDW43:i13aAqMZVJBwb-aqsu73LxxNLqDlGxy_vC-rXvkjlLw", "expire_date": "2025-05-23T22:19:31.014Z"}}, {"model": "sessions.session", "pk": "xs1jiwr6gtmd6wahhey3pzsk4h05ibah", "fields": {"session_data": ".eJxVjEEOwiAQRe_C2pBhgAIu3XsGMjBUqoYmpV0Z765NutDtf-_9l4i0rTVuvSxxYnEWSpx-t0T5UdoO-E7tNss8t3WZktwVedAurzOX5-Vw_w4q9fqtXfacnDEIFn22aAtZ0imQtyGNFoJWY2IABAymsBqQAjoNqHQYkEG8P8gSNp8:1uCzDo:M2cEr3rzhZnK5gDhEpQtSRhhCyfelkIszJA4Hanl2xc", "expire_date": "2025-05-22T11:15:24.861Z"}}, {"model": "souka.module", "pk": 1, "fields": {"title": "1"}}, {"model": "souka.chapter", "pk": 1, "fields": {"module": 1, "title": "Урок 1: \"Здравствуйте! Меня зовут...\""}}, {"model": "souka.chapter", "pk": 2, "fields": {"module": 1, "title": "Урок 2: \"хирагана и катакана\""}}, {"model": "souka.lesson", "pk": 1, "fields": {"chapter": 1, "title": "\"Здравствуйте! Меня зовут...\"", "video": "videos/lesson_1_dPiZY6L.mp4", "description": "<h2>Советы по изучению японского языка</h2>\r\n    <p>Приветствие <span class=\"highlight\">こんにちは</span> и советы по ведению тетрадей.</p>\r\n    <p>Ведение словаря для новых слов и блокнота для иероглифов.</p>\r\n    <p>Иероглифы могут состоять из нескольких знаков, поэтому важно фиксировать их чтение и значение.</p>\r\n\r\n    <h2>Грамматика и письменность</h2>\r\n    <p>Важность создания таблицы с японской азбукой.</p>\r\n    <p>Обзор письменности: хирагана и катакана.</p>\r\n    <p>Изучение особенностей произношения и базовых грамматических моментов.</p>\r\n\r\n    <h2>Хирагана</h2>\r\n    <p>Хирагана состоит из пяти основных гласных и слогов.</p>\r\n    <p>Примеры слогов: ка-ки-ку-ко, са-си-су-со.</p>\r\n    <p>Особенности произношения звуков: у, си, ти, ха, ра, ва.</p>\r\n\r\n    <h2>Дополнительные знаки хираганы</h2>\r\n    <p>Производные знаки хираганы: озвончение и оглушение.</p>\r\n    <p>Примеры: га-ги-гу-го, дзя-джи-дзя, да-джи-да.</p>\r\n    <p>Важность правильного произношения и написания.</p>"}}, {"model": "souka.lesson", "pk": 2, "fields": {"chapter": 2, "title": "\"Хирагана и катакана\"", "video": "videos/lesson_2_k6H5vOm.mp4", "description": "<h2>Хирагана и катакана</h2>\r\n<p>Японская письменность включает два слоговых алфавита: <span class=\"highlight\">ひらがな</span> и <span class=\"highlight\">カタカナ</span>.</p>\r\n<p>Они используются параллельно и служат разным целям в языке.</p>\r\n<p>Каждая из них состоит из одинаковых по звучанию слогов, но отличается написанием и областью применения.</p>\r\n\r\n<h2>ひらがな</h2>\r\n<p>Хирагана применяется для записи слов японского происхождения, грамматических окончаний и частиц.</p>\r\n<p>Она используется в детских книгах, школьных учебниках и текстах для начинающих.</p>\r\n<p>Пример: たべます (есть), かわいい (милый), そして (и, затем).</p>\r\n\r\n<h2>カタカナ</h2>\r\n<p>Катакана применяется для заимствованных слов, имён иностранцев, технических и научных терминов.</p>\r\n<p>Также она используется для звукоизобразительных слов и выделения отдельных слов в тексте.</p>\r\n<p>Пример: コンピュータ (компьютер), アニメ (аниме), ピザ (пицца).</p>\r\n\r\n<h2>Зачем две азбуки?</h2>\r\n<p>Несмотря на одинаковое звучание, <span class=\"highlight\">ひらがな</span> и <span class=\"highlight\">カタカナ</span> помогают различать происхождение и назначение слов в тексте.</p>\r\n<p>Это делает японскую письменность более выразительной и структурированной.</p>\r\n<p>Важно изучить обе азбуки, чтобы свободно читать и писать по-японски.</p>"}}, {"model": "souka.choice", "pk": 1, "fields": {"chapter": 1, "title": "Что из этого \"луна\"?"}}, {"model": "souka.choice", "pk": 2, "fields": {"chapter": 1, "title": "Что из этого \"гора\"?"}}, {"model": "souka.choice", "pk": 3, "fields": {"chapter": 2, "title": "Что из этого \"храм\"?"}}, {"model": "souka.choice", "pk": 4, "fields": {"chapter": 2, "title": "Что из этого \"дерево\"?"}}, {"model": "souka.choiceimage", "pk": 1, "fields": {"choice": 1, "image": "choice_images/temple_i10pQhO.png", "is_correct": false}}, {"model": "souka.choiceimage", "pk": 2, "fields": {"choice": 1, "image": "choice_images/wood.png", "is_correct": false}}, {"model": "souka.choiceimage", "pk": 3, "fields": {"choice": 1, "image": "choice_images/moon.png", "is_correct": true}}, {"model": "souka.choiceimage", "pk": 4, "fields": {"choice": 1, "image": "choice_images/mountain.png", "is_correct": false}}, {"model": "souka.choiceimage", "pk": 5, "fields": {"choice": 2, "image": "choice_images/mountain_7MKZeAU.png", "is_correct": true}}, {"model": "souka.choiceimage", "pk": 6, "fields": {"choice": 2, "image": "choice_images/moon_MEulvE6.png", "is_correct": false}}, {"model": "souka.choiceimage", "pk": 7, "fields": {"choice": 2, "image": "choice_images/wood_MHtwTDF.png", "is_correct": false}}, {"model": "souka.choiceimage", "pk": 8, "fields": {"choice": 2, "image": "choice_images/temple_QGzTn2e.png", "is_correct": false}}, {"model": "souka.choiceimage", "pk": 9, "fields": {"choice": 3, "image": "choice_images/temple_S47dNdb.png", "is_correct": true}}, {"model": "souka.choiceimage", "pk": 10, "fields": {"choice": 3, "image": "choice_images/mountain_Zky9EOA.png", "is_correct": false}}, {"model": "souka.choiceimage", "pk": 11, "fields": {"choice": 3, "image": "choice_images/moon_RcbsfEa.png", "is_correct": false}}, {"model": "souka.choiceimage", "pk": 12, "fields": {"choice": 3, "image": "choice_images/wood_dlVcFls.png", "is_correct": false}}, {"model": "souka.choiceimage", "pk": 13, "fields": {"choice": 4, "image": "choice_images/moon_93cXnq3.png", "is_correct": false}}, {"model": "souka.choiceimage", "pk": 14, "fields": {"choice": 4, "image": "choice_images/mountain_tHo3XML.png", "is_correct": false}}, {"model": "souka.choiceimage", "pk": 15, "fields": {"choice": 4, "image": "choice_images/temple_EXKjnSh.png", "is_correct": false}}, {"model": "souka.choiceimage", "pk": 16, "fields": {"choice": 4, "image": "choice_images/wood_Y9IaaIZ.png", "is_correct": true}}, {"model": "souka.text", "pk": 1, "fields": {"chapter": 1, "title": "Напиши на русском", "content": "月", "correct_answers": "луна, Луна, ЛУНА", "audio": ""}}, {"model": "souka.text", "pk": 2, "fields": {"chapter": 2, "title": "Напиши на русском", "content": "山", "correct_answers": "Гора, гора, ГОРА", "audio": ""}}, {"model": "souka.chapterprogress", "pk": 1, "fields": {"user": 1, "chapter": 1, "lesson_done": true, "choice_1_done": true, "choice_2_done": true, "choice_1_perfect": false, "choice_2_perfect": true, "text_done": true, "words_learned": 3, "test_done": false, "text_perfect": true, "score": null}}, {"model": "souka.chapterprogress", "pk": 2, "fields": {"user": 2, "chapter": 1, "lesson_done": true, "choice_1_done": true, "choice_2_done": true, "choice_1_perfect": true, "choice_2_perfect": false, "text_done": true, "words_learned": 3, "test_done": false, "text_perfect": true, "score": null}}, {"model": "souka.chapterprogress", "pk": 3, "fields": {"user": 2, "chapter": 2, "lesson_done": true, "choice_1_done": true, "choice_2_done": true, "choice_1_perfect": true, "choice_2_perfect": true, "text_done": true, "words_learned": 3, "test_done": false, "text_perfect": true, "score": null}}, {"model": "souka.chapterprogress", "pk": 4, "fields": {"user": 1, "chapter": 2, "lesson_done": true, "choice_1_done": true, "choice_2_done": true, "choice_1_perfect": true, "choice_2_perfect": false, "text_done": true, "words_learned": 3, "test_done": false, "text_perfect": false, "score": null}}, {"model": "souka.uservisit", "pk": 1, "fields": {"user": 2, "date": "2025-05-08"}}, {"model": "souka.uservisit", "pk": 2, "fields": {"user": 1, "date": "2025-05-09"}}, {"model": "souka.uservisit", "pk": 3, "fields": {"user": 2, "date": "2025-05-09"}}, {"model": "souka.uservisit", "pk": 4, "fields": {"user": 1, "date": "2025-05-10"}}, {"model": "souka.uservisit", "pk": 5, "fields": {"user": 2, "date": "2025-05-10"}}, {"model": "souka.uservisit", "pk": 6, "fields": {"user": 1, "date": "2025-05-13"}}, {"model": "souka.uservisit", "pk": 7, "fields": {"user": 2, "date": "2025-05-13"}}, {"model": "souka.uservisit", "pk": 8, "fields": {"user": 2, "date": "2025-05-18"}}, {"model": "souka.uservisit", "pk": 9, "fields": {"user": 1, "date": "2025-05-18"}}, {"model": "souka.uservisit", "pk": 10, "fields": {"user": 2, "date": "2025-05-29"}}, {"model": "souka.uservisit", "pk": 11, "fields": {"user": 1, "date": "2025-05-29"}}, {"model": "souka.uservisit", "pk": 12, "fields": {"user": 2, "date": "2025-06-06"}}, {"model": "souka.uservisit", "pk": 15, "fields": {"user": 1, "date": "2025-06-06"}}, {"model": "souka.uservisit", "pk": 16, "fields": {"user": 1, "date": "2025-06-07"}}, {"model": "souka.uservisit", "pk": 17, "fields": {"user": 2, "date": "2025-06-07"}}, {"model": "souka.uservisit", "pk": 21, "fields": {"user": 2, "date": "2025-06-08"}}, {"model": "souka.uservisit", "pk": 22, "fields": {"user": 1, "date": "2025-06-08"}}, {"model": "souka.uservisit", "pk": 25, "fields": {"user": 15, "date": "2025-06-08"}}, {"model": "souka.userprofile", "pk": 1, "fields": {"user": 1, "avatar": "ava_2.png"}}, {"model": "souka.userprofile", "pk": 2, "fields": {"user": 2, "avatar": "ava_2.png"}}, {"model": "souka.userprofile", "pk": 15, "fields": {"user": 15, "avatar": "ava_1.png"}}]